Step,Mean,SD,Median,Min,Max,AgentCount,MeanMinusSD,MeanPlusSD
0,0.0,0.0,0.0,0.0,0.0,10,0.0,0.0
10000,0.0,0.0,0.0,0.0,0.0,10,0.0,0.0
20000,0.0,0.0,0.0,0.0,0.0,10,0.0,0.0
30000,0.0,0.0,0.0,0.0,0.0,10,0.0,0.0
40000,0.0,0.0,0.0,0.0,0.0,10,0.0,0.0
50000,0.0,0.0,0.0,0.0,0.0,10,0.0,0.0
60000,0.0,0.0,0.0,0.0,0.0,10,0.0,0.0
70000,0.0,0.0,0.0,0.0,0.0,10,0.0,0.0
80000,0.0,0.0,0.0,0.0,0.0,10,0.0,0.0
90000,0.0,0.0,0.0,0.0,0.0,10,0.0,0.0
100000,0.0,0.0,0.0,0.0,0.0,10,0.0,0.0
110000,0.0,0.0,0.0,0.0,0.0,10,0.0,0.0
120000,0.0,0.0,0.0,0.0,0.0,10,0.0,0.0
130000,0.0,0.0,0.0,0.0,0.0,10,0.0,0.0
140000,0.1,0.31622776601683794,0.0,0.0,1.0,10,-0.21622776601683794,0.416227766016838
150000,0.1,0.31622776601683794,0.0,0.0,1.0,10,-0.21622776601683794,0.416227766016838
160000,0.1,0.31622776601683794,0.0,0.0,1.0,10,-0.21622776601683794,0.416227766016838
170000,0.1,0.31622776601683794,0.0,0.0,1.0,10,-0.21622776601683794,0.416227766016838
180000,0.1,0.31622776601683794,0.0,0.0,1.0,10,-0.21622776601683794,0.416227766016838
190000,0.2,0.42163702135578396,0.0,0.0,1.0,10,-0.22163702135578395,0.621637021355784
200000,0.5,0.5270462766947299,0.5,0.0,1.0,10,-0.02704627669472992,1.02704627669473
210000,0.6,0.5163977794943223,1.0,0.0,1.0,10,0.08360222050567767,1.1163977794943223
220000,0.7,0.48304589153964794,1.0,0.0,1.0,10,0.216954108460352,1.1830458915396478
230000,0.7,0.48304589153964794,1.0,0.0,1.0,10,0.216954108460352,1.1830458915396478
240000,0.8,0.42163702135578396,1.0,0.0,1.0,10,0.3783629786442161,1.2216370213557841
250000,0.8,0.42163702135578396,1.0,0.0,1.0,10,0.3783629786442161,1.2216370213557841
260000,0.9,0.31622776601683794,1.0,0.0,1.0,10,0.5837722339831621,1.216227766016838
270000,0.9,0.31622776601683794,1.0,0.0,1.0,10,0.5837722339831621,1.216227766016838
280000,0.9,0.31622776601683794,1.0,0.0,1.0,10,0.5837722339831621,1.216227766016838
290000,0.9,0.31622776601683794,1.0,0.0,1.0,10,0.5837722339831621,1.216227766016838
300000,1.0,0.0,1.0,1.0,1.0,10,1.0,1.0
310000,1.0,0.0,1.0,1.0,1.0,10,1.0,1.0
320000,1.0,0.0,1.0,1.0,1.0,10,1.0,1.0
330000,1.0,0.0,1.0,1.0,1.0,10,1.0,1.0
340000,1.0,0.0,1.0,1.0,1.0,10,1.0,1.0
350000,1.0,0.0,1.0,1.0,1.0,10,1.0,1.0
360000,1.0,0.0,1.0,1.0,1.0,10,1.0,1.0
370000,1.0,0.0,1.0,1.0,1.0,10,1.0,1.0
380000,1.0,0.0,1.0,1.0,1.0,10,1.0,1.0
390000,1.0,0.0,1.0,1.0,1.0,10,1.0,1.0
400000,1.0,0.0,1.0,1.0,1.0,10,1.0,1.0
410000,1.0,0.0,1.0,1.0,1.0,10,1.0,1.0
420000,1.0,0.0,1.0,1.0,1.0,10,1.0,1.0
430000,1.0,0.0,1.0,1.0,1.0,10,1.0,1.0
440000,1.0,0.0,1.0,1.0,1.0,10,1.0,1.0
450000,1.0,0.0,1.0,1.0,1.0,10,1.0,1.0
460000,1.0,0.0,1.0,1.0,1.0,10,1.0,1.0
470000,1.0,0.0,1.0,1.0,1.0,10,1.0,1.0
480000,1.0,0.0,1.0,1.0,1.0,10,1.0,1.0
490000,1.0,0.0,1.0,1.0,1.0,10,1.0,1.0
500000,1.0,0.0,1.0,1.0,1.0,10,1.0,1.0
510000,1.0,0.0,1.0,1.0,1.0,10,1.0,1.0
520000,1.2,0.42163702135578396,1.0,1.0,2.0,10,0.778362978644216,1.621637021355784
530000,1.4,0.5163977794943223,1.0,1.0,2.0,10,0.8836022205056776,1.9163977794943223
540000,1.9,1.1972189997378648,2.0,1.0,5.0,10,0.7027810002621351,3.0972189997378647
550000,3.0,2.260776661041756,2.0,1.0,7.0,10,0.7392233389582441,5.260776661041756
560000,4.2,3.0110906108363245,4.0,1.0,8.0,10,1.1889093891636757,7.211090610836324
570000,5.0,3.366501646120693,6.5,1.0,9.0,10,1.633498353879307,8.366501646120692
580000,5.9,3.4140233677518315,7.0,1.0,9.0,10,2.485976632248169,9.314023367751831
590000,6.1,3.4140233677518315,7.0,1.0,9.0,10,2.685976632248168,9.51402336775183
600000,6.9,3.2472210341220142,8.5,1.0,9.0,10,3.652778965877986,10.147221034122015
610000,7.2,3.32665998663324,9.0,1.0,9.0,10,3.8733400133667604,10.52665998663324
620000,7.4,3.3730961708462717,9.0,1.0,9.0,10,4.026903829153729,10.773096170846273
630000,7.4,3.3730961708462717,9.0,1.0,9.0,10,4.026903829153729,10.773096170846273
640000,7.4,3.3730961708462717,9.0,1.0,9.0,10,4.026903829153729,10.773096170846273
650000,7.4,3.3730961708462717,9.0,1.0,9.0,10,4.026903829153729,10.773096170846273
660000,7.4,3.3730961708462717,9.0,1.0,9.0,10,4.026903829153729,10.773096170846273
670000,7.4,3.3730961708462717,9.0,1.0,9.0,10,4.026903829153729,10.773096170846273
680000,7.5,3.4399612400917157,9.0,1.0,10.0,10,4.060038759908284,10.939961240091716
690000,7.6,3.238655413730965,9.0,1.0,10.0,10,4.361344586269034,10.838655413730965
700000,7.6,3.238655413730965,9.0,1.0,10.0,10,4.361344586269034,10.838655413730965
710000,8.0,2.6666666666666665,9.0,1.0,10.0,10,5.333333333333334,10.666666666666666
720000,8.2,2.6583202716502514,9.0,1.0,10.0,10,5.541679728349748,10.85832027165025
730000,8.4,2.6749870196985173,9.0,1.0,10.0,10,5.725012980301483,11.074987019698519
740000,8.5,2.6770630673681683,9.0,1.0,10.0,10,5.822936932631832,11.177063067368168
750000,8.5,2.6770630673681683,9.0,1.0,10.0,10,5.822936932631832,11.177063067368168
760000,8.5,2.6770630673681683,9.0,1.0,10.0,10,5.822936932631832,11.177063067368168
770000,8.5,2.6770630673681683,9.0,1.0,10.0,10,5.822936932631832,11.177063067368168
780000,8.6,2.7162065049951156,9.0,1.0,10.0,10,5.883793495004884,11.316206504995115
790000,8.7,2.7507574714370344,9.5,1.0,10.0,10,5.949242528562965,11.450757471437033
800000,8.7,2.7507574714370344,9.5,1.0,10.0,10,5.949242528562965,11.450757471437033
810000,8.7,2.7507574714370344,9.5,1.0,10.0,10,5.949242528562965,11.450757471437033
820000,8.7,2.7507574714370344,9.5,1.0,10.0,10,5.949242528562965,11.450757471437033
830000,8.7,2.7507574714370344,9.5,1.0,10.0,10,5.949242528562965,11.450757471437033
840000,8.8,2.780887148615228,10.0,1.0,10.0,10,6.019112851384772,11.58088714861523
850000,8.8,2.780887148615228,10.0,1.0,10.0,10,6.019112851384772,11.58088714861523
860000,8.9,2.806737924669451,10.0,1.0,10.0,10,6.09326207533055,11.70673792466945
870000,8.9,2.806737924669451,10.0,1.0,10.0,10,6.09326207533055,11.70673792466945
880000,8.9,2.806737924669451,10.0,1.0,10.0,10,6.09326207533055,11.70673792466945
890000,9.0,2.8284271247461903,10.0,1.0,10.0,10,6.17157287525381,11.82842712474619
900000,9.0,2.8284271247461903,10.0,1.0,10.0,10,6.17157287525381,11.82842712474619
910000,9.0,2.8284271247461903,10.0,1.0,10.0,10,6.17157287525381,11.82842712474619
920000,9.1,2.8460498941515415,10.0,1.0,10.0,10,6.253950105848459,11.94604989415154
930000,9.1,2.8460498941515415,10.0,1.0,10.0,10,6.253950105848459,11.94604989415154
940000,9.1,2.8460498941515415,10.0,1.0,10.0,10,6.253950105848459,11.94604989415154
950000,9.1,2.8460498941515415,10.0,1.0,10.0,10,6.253950105848459,11.94604989415154
960000,9.1,2.8460498941515415,10.0,1.0,10.0,10,6.253950105848459,11.94604989415154
970000,9.1,2.8460498941515415,10.0,1.0,10.0,10,6.253950105848459,11.94604989415154
980000,9.1,2.8460498941515415,10.0,1.0,10.0,10,6.253950105848459,11.94604989415154
990000,9.1,2.8460498941515415,10.0,1.0,10.0,10,6.253950105848459,11.94604989415154
1000000,9.2,2.898275349237888,10.0,1.0,11.0,10,6.301724650762111,12.098275349237888
1010000,9.3,2.9458068127047596,10.0,1.0,11.0,10,6.354193187295241,12.24580681270476
1020000,9.4,2.988868236194653,10.0,1.0,11.0,10,6.411131763805347,12.388868236194654
1030000,9.5,3.0276503540974917,10.0,1.0,11.0,10,6.472349645902508,12.527650354097492
1040000,9.5,3.0276503540974917,10.0,1.0,11.0,10,6.472349645902508,12.527650354097492
1050000,9.6,3.062315754094894,10.5,1.0,11.0,10,6.537684245905106,12.662315754094895
1060000,9.6,3.062315754094894,10.5,1.0,11.0,10,6.537684245905106,12.662315754094895
1070000,9.6,3.062315754094894,10.5,1.0,11.0,10,6.537684245905106,12.662315754094895
1080000,9.6,3.062315754094894,10.5,1.0,11.0,10,6.537684245905106,12.662315754094895
1090000,9.6,3.062315754094894,10.5,1.0,11.0,10,6.537684245905106,12.662315754094895
1100000,9.7,3.1287200080686173,10.5,1.0,12.0,10,6.571279991931382,12.828720008068617
1110000,9.7,3.0930028559098783,11.0,1.0,11.0,10,6.606997144090121,12.793002855909878
1120000,9.8,3.1198290551460244,11.0,1.0,11.0,10,6.680170944853977,12.919829055146025
1130000,9.8,3.1198290551460244,11.0,1.0,11.0,10,6.680170944853977,12.919829055146025
1140000,9.8,3.1198290551460244,11.0,1.0,11.0,10,6.680170944853977,12.919829055146025
1150000,9.8,3.1198290551460244,11.0,1.0,11.0,10,6.680170944853977,12.919829055146025
1160000,9.8,3.1198290551460244,11.0,1.0,11.0,10,6.680170944853977,12.919829055146025
1170000,9.8,3.1198290551460244,11.0,1.0,11.0,10,6.680170944853977,12.919829055146025
1180000,9.8,3.1198290551460244,11.0,1.0,11.0,10,6.680170944853977,12.919829055146025
1190000,9.8,3.1198290551460244,11.0,1.0,11.0,10,6.680170944853977,12.919829055146025
1200000,9.8,3.1198290551460244,11.0,1.0,11.0,10,6.680170944853977,12.919829055146025
1210000,9.9,3.1428932176861775,11.0,1.0,11.0,10,6.757106782313823,13.042893217686178
1220000,9.9,3.1428932176861775,11.0,1.0,11.0,10,6.757106782313823,13.042893217686178
1230000,9.9,3.1428932176861775,11.0,1.0,11.0,10,6.757106782313823,13.042893217686178
1240000,9.9,3.1428932176861775,11.0,1.0,11.0,10,6.757106782313823,13.042893217686178
1250000,9.9,3.1428932176861775,11.0,1.0,11.0,10,6.757106782313823,13.042893217686178
1260000,9.9,3.1428932176861775,11.0,1.0,11.0,10,6.757106782313823,13.042893217686178
1270000,9.9,3.1428932176861775,11.0,1.0,11.0,10,6.757106782313823,13.042893217686178
1280000,9.9,3.1428932176861775,11.0,1.0,11.0,10,6.757106782313823,13.042893217686178
1290000,9.9,3.1428932176861775,11.0,1.0,11.0,10,6.757106782313823,13.042893217686178
1300000,9.9,3.1428932176861775,11.0,1.0,11.0,10,6.757106782313823,13.042893217686178
1310000,9.9,3.1428932176861775,11.0,1.0,11.0,10,6.757106782313823,13.042893217686178
1320000,9.9,3.1428932176861775,11.0,1.0,11.0,10,6.757106782313823,13.042893217686178
1330000,10.0,3.1622776601683795,11.0,1.0,11.0,10,6.83772233983162,13.16227766016838
1340000,10.0,3.1622776601683795,11.0,1.0,11.0,10,6.83772233983162,13.16227766016838
1350000,10.0,3.1622776601683795,11.0,1.0,11.0,10,6.83772233983162,13.16227766016838
1360000,10.0,3.1622776601683795,11.0,1.0,11.0,10,6.83772233983162,13.16227766016838
1370000,10.0,3.1622776601683795,11.0,1.0,11.0,10,6.83772233983162,13.16227766016838
1380000,10.0,3.1622776601683795,11.0,1.0,11.0,10,6.83772233983162,13.16227766016838
1390000,10.0,3.1622776601683795,11.0,1.0,11.0,10,6.83772233983162,13.16227766016838
1400000,10.0,3.1622776601683795,11.0,1.0,11.0,10,6.83772233983162,13.16227766016838
1410000,10.0,3.1622776601683795,11.0,1.0,11.0,10,6.83772233983162,13.16227766016838
1420000,10.0,3.1622776601683795,11.0,1.0,11.0,10,6.83772233983162,13.16227766016838
1430000,10.0,3.1622776601683795,11.0,1.0,11.0,10,6.83772233983162,13.16227766016838
1440000,10.0,3.1622776601683795,11.0,1.0,11.0,10,6.83772233983162,13.16227766016838
1450000,10.0,3.1622776601683795,11.0,1.0,11.0,10,6.83772233983162,13.16227766016838
1460000,10.0,3.1622776601683795,11.0,1.0,11.0,10,6.83772233983162,13.16227766016838
1470000,10.0,3.1622776601683795,11.0,1.0,11.0,10,6.83772233983162,13.16227766016838
1480000,10.0,3.1622776601683795,11.0,1.0,11.0,10,6.83772233983162,13.16227766016838
1490000,10.0,3.1622776601683795,11.0,1.0,11.0,10,6.83772233983162,13.16227766016838
1500000,10.0,3.1622776601683795,11.0,1.0,11.0,10,6.83772233983162,13.16227766016838
1510000,10.0,3.1622776601683795,11.0,1.0,11.0,10,6.83772233983162,13.16227766016838
1520000,10.0,3.1622776601683795,11.0,1.0,11.0,10,6.83772233983162,13.16227766016838
1530000,10.0,3.1622776601683795,11.0,1.0,11.0,10,6.83772233983162,13.16227766016838
1540000,10.0,3.1622776601683795,11.0,1.0,11.0,10,6.83772233983162,13.16227766016838
1550000,10.0,3.1622776601683795,11.0,1.0,11.0,10,6.83772233983162,13.16227766016838
1560000,10.0,3.1622776601683795,11.0,1.0,11.0,10,6.83772233983162,13.16227766016838
1570000,10.0,3.1622776601683795,11.0,1.0,11.0,10,6.83772233983162,13.16227766016838
1580000,10.0,3.1622776601683795,11.0,1.0,11.0,10,6.83772233983162,13.16227766016838
1590000,10.0,3.1622776601683795,11.0,1.0,11.0,10,6.83772233983162,13.16227766016838
1600000,10.0,3.1622776601683795,11.0,1.0,11.0,10,6.83772233983162,13.16227766016838
1610000,10.0,3.1622776601683795,11.0,1.0,11.0,10,6.83772233983162,13.16227766016838
1620000,10.0,3.1622776601683795,11.0,1.0,11.0,10,6.83772233983162,13.16227766016838
1630000,10.0,3.1622776601683795,11.0,1.0,11.0,10,6.83772233983162,13.16227766016838
1640000,10.0,3.1622776601683795,11.0,1.0,11.0,10,6.83772233983162,13.16227766016838
1650000,10.0,3.1622776601683795,11.0,1.0,11.0,10,6.83772233983162,13.16227766016838
1660000,10.0,3.1622776601683795,11.0,1.0,11.0,10,6.83772233983162,13.16227766016838
1670000,10.0,3.1622776601683795,11.0,1.0,11.0,10,6.83772233983162,13.16227766016838
1680000,10.0,3.1622776601683795,11.0,1.0,11.0,10,6.83772233983162,13.16227766016838
1690000,10.0,3.1622776601683795,11.0,1.0,11.0,10,6.83772233983162,13.16227766016838
1700000,10.0,3.1622776601683795,11.0,1.0,11.0,10,6.83772233983162,13.16227766016838
1710000,10.0,3.1622776601683795,11.0,1.0,11.0,10,6.83772233983162,13.16227766016838
1720000,10.0,3.1622776601683795,11.0,1.0,11.0,10,6.83772233983162,13.16227766016838
1730000,10.0,3.1622776601683795,11.0,1.0,11.0,10,6.83772233983162,13.16227766016838
1740000,10.0,3.1622776601683795,11.0,1.0,11.0,10,6.83772233983162,13.16227766016838
1750000,10.0,3.1622776601683795,11.0,1.0,11.0,10,6.83772233983162,13.16227766016838
1760000,10.0,3.1622776601683795,11.0,1.0,11.0,10,6.83772233983162,13.16227766016838
1770000,10.0,3.1622776601683795,11.0,1.0,11.0,10,6.83772233983162,13.16227766016838
1780000,10.0,3.1622776601683795,11.0,1.0,11.0,10,6.83772233983162,13.16227766016838
1790000,10.0,3.1622776601683795,11.0,1.0,11.0,10,6.83772233983162,13.16227766016838
1800000,10.0,3.1622776601683795,11.0,1.0,11.0,10,6.83772233983162,13.16227766016838
1810000,10.0,3.1622776601683795,11.0,1.0,11.0,10,6.83772233983162,13.16227766016838
1820000,10.0,3.1622776601683795,11.0,1.0,11.0,10,6.83772233983162,13.16227766016838
1830000,10.0,3.1622776601683795,11.0,1.0,11.0,10,6.83772233983162,13.16227766016838
1840000,10.0,3.1622776601683795,11.0,1.0,11.0,10,6.83772233983162,13.16227766016838
1850000,10.0,3.1622776601683795,11.0,1.0,11.0,10,6.83772233983162,13.16227766016838
1860000,10.0,3.1622776601683795,11.0,1.0,11.0,10,6.83772233983162,13.16227766016838
1870000,10.0,3.1622776601683795,11.0,1.0,11.0,10,6.83772233983162,13.16227766016838
1880000,10.0,3.1622776601683795,11.0,1.0,11.0,10,6.83772233983162,13.16227766016838
1890000,10.0,3.1622776601683795,11.0,1.0,11.0,10,6.83772233983162,13.16227766016838
1900000,10.0,3.1622776601683795,11.0,1.0,11.0,10,6.83772233983162,13.16227766016838
1910000,10.0,3.1622776601683795,11.0,1.0,11.0,10,6.83772233983162,13.16227766016838
1920000,10.0,3.1622776601683795,11.0,1.0,11.0,10,6.83772233983162,13.16227766016838
1930000,10.0,3.1622776601683795,11.0,1.0,11.0,10,6.83772233983162,13.16227766016838
1940000,10.0,3.1622776601683795,11.0,1.0,11.0,10,6.83772233983162,13.16227766016838
1950000,10.0,3.1622776601683795,11.0,1.0,11.0,10,6.83772233983162,13.16227766016838
1960000,10.0,3.1622776601683795,11.0,1.0,11.0,10,6.83772233983162,13.16227766016838
1970000,10.0,3.1622776601683795,11.0,1.0,11.0,10,6.83772233983162,13.16227766016838
1980000,10.0,3.1622776601683795,11.0,1.0,11.0,10,6.83772233983162,13.16227766016838
1990000,10.0,3.1622776601683795,11.0,1.0,11.0,10,6.83772233983162,13.16227766016838
2000000,10.0,3.1622776601683795,11.0,1.0,11.0,10,6.83772233983162,13.16227766016838
